{"cameraMode":{"drawMode":0,"name":"Shaded","section":"Shading Mode"},"sceneLighting":true,"audioPlay":false,"sceneViewState":{"m_AlwaysRefresh":false,"showFog":true,"showSkybox":true,"showFlares":true,"showImageEffects":true,"showParticleSystems":true,"showVisualEffectGraphs":true,"m_FxEnabled":true},"in2DMode":false,"pivot":{"x":0.4861677289009094,"y":-0.26439857482910159,"z":2.8565661907196047},"rotation":{"x":0.5847516059875488,"y":0.024326827377080919,"z":-0.017547881230711938,"w":0.8106587529182434},"size":8.941353797912598,"orthographic":false}